2024-02-12 13:53:05,,"GradientBoostingClassifier(data, GradientBoostingClassifier.learning_rate=0.1, GradientBoostingClassifier.max_depth=4, GradientBoostingClassifier.max_features=0.15000000000000002, GradientBoostingClassifier.min_samples_leaf=17, GradientBoostingClassifier.min_samples_split=14, GradientBoostingClassifier.n_estimators=100, GradientBoostingClassifier.subsample=0.7500000000000001)",0.7393617021276596
2024-02-12 13:53:06,,"
from sklearn.pipeline import make_pipeline
from sklearn.linear_model import LogisticRegression

pipe = make_pipeline(
    LogisticRegression(penalty='l2', C=1.0, solver='liblinear')
)

pipe.fit(X_train, y_train)
",0.7712765957446809
2024-02-12 13:53:08,,"
from sklearn.pipeline import make_pipeline
from sklearn.svm import SVC

pipe = make_pipeline(
    SVC()
)

pipe.fit(X_train, y_train)
",0.7606382978723404
