2024-02-12 13:51:29,,"LinearSVR(RobustScaler(data), LinearSVR.C=20.0, LinearSVR.dual=False, LinearSVR.epsilon=0.01, LinearSVR.loss='squared_epsilon_insensitive', LinearSVR.tol=0.0001)",0.15793637671585514
2024-02-12 13:51:31,,"
from sklearn.pipeline import make_pipeline
from sklearn.ensemble import RandomForestRegressor
from sklearn.preprocessing import RobustScaler

pipe = make_pipeline(
    RobustScaler(with_centering=False),
    RandomForestRegressor(n_estimators=100, max_depth=10)
)

pipe.fit(X_train, y_train)
",0.1434672028747257
2024-02-12 13:51:37,,"
from sklearn.pipeline import make_pipeline
from sklearn.neural_network import MLPRegressor
from sklearn.preprocessing import RobustScaler

pipe = make_pipeline(
    RobustScaler(with_centering=False),
    MLPRegressor(hidden_layer_sizes=(100, 50), activation='relu', solver='adam', alpha=0.0001, 
                 batch_size='auto', learning_rate='constant', learning_rate_init=0.001, max_iter=200)
)

pipe.fit(X_train, y_train)
",0.11923373241161417
2024-02-12 13:51:40,,"from sklearn.ensemble import RandomForestRegressor
from sklearn.pipeline import make_pipeline
from sklearn.preprocessing import RobustScaler

pipe = make_pipeline(
    RobustScaler(with_centering=False),
    RandomForestRegressor(n_estimators=100, random_state=0)
)

pipe.fit(X_train, y_train)",0.14596982763902433
